Verb,Noun,Prep,Prep_obj,Class_label
is,chairman,of,N.V.,N
named,director,of,conglomerate,N
caused,percentage,of,deaths,N
using,crocidolite,in,filters,V
bring,attention,to,problem,V
is,asbestos,in,products,N
led,team,of,researchers,N
making,paper,for,filters,N
including,three,with,cancer,N
is,finding,among,those,N
is,one,of,nations,N
have,standard,of,regulation,N
imposed,ban,on,uses,N
made,paper,for,filters,N
dumped,sacks,of,material,N
dumped,sacks,into,bin,V
mixed,fibers,in,process,V
has,bearing,on,force,N
expect,declines,in,rates,N
eased,fraction,of,point,N
retain,rates,for,period,V
considered,sign,of,rising,N
pour,cash,into,funds,V
had,yield,during,week,N
holds,interest,in,company,N
holds,three,of,seats,N
approved,acquisition,by,Ltd.,N
completed,sale,of,Operations,N
is,company,with,interests,N
has,revenue,of,million,N
suspended,sales,of,bonds,N
lifted,ceiling,on,debt,N
issue,obligations,of,kind,N
raise,ceiling,to,trillion,V
was,manager,of,division,N
been,executive,with,Chrysler,N
been,executive,for,years,V
registered,deficit,of,million,N
registered,deficit,in,October,V
casting,cloud,on,economy,V
recorded,surplus,of,million,N
keep,pace,with,magazine,N
announced,rates,for,1990,N
introduce,plan,for,advertisers,N
give,discounts,for,maintaining,N
become,fixtures,at,weeklies,N
underscore,competition,between,Newsweek,N
lowered,base,for,1990,N
be,%,per,subscriber,N
awards,credits,to,advertisers,V
shore,decline,in,pages,N
gaining,circulation,in,years,V
had,circulation,of,4393237,N
leaves,Co.,as,bidders,V
proposed,plan,in,proceedings,N
acquire,PS,of,Hampshire,N
values,plan,at,billion,V
owns,PS,of,Hampshire,N
was,one,of,factors,N
proposed,-,against,boosts,N
seeking,approval,of,purchase,N
complete,purchase,by,summer,V
elected,directors,of,chain,N
succeed,Rexinger,on,board,V
refund,million,to,ratepayers,V
make,refunds,of,45,N
make,refunds,to,customers,V
received,service,since,1986,V
block,order,by,Edison,V
held,hostage,through,round,V
slash,earnings,by,1.55,V
reported,earnings,of,million,N
raise,rates,by,million,V
upheld,challenge,by,groups,N
added,million,to,calculations,V
set,rate,on,refund,N
set,rate,at,%,V
faces,refund,on,collections,N
set,precedent,for,case,N
seeking,million,in,increases,N
refund,million,for,performance,V
followed,increases,of,%,N
opened,plant,in,Korea,V
meet,demand,for,products,N
been,orders,for,Cray-3,N
announced,spinoff,in,May,V
is,designer,of,Cray-3,N
needing,million,in,financing,N
link,note,to,presence,V
complicate,valuation,of,company,N
describe,chips,as,being,V
face,competition,from,Research,N
has,%,of,market,N
roll,machine,in,1991,V
receive,share,for,they,N
calculate,value,at,4.75,V
been,drain,on,earnings,N
report,profit,of,million,N
report,profit,for,half,V
paid,600000,at,Research,V
expects,force,of,450,N
expects,force,by,end,V
was,president,of,company,N
named,president,of,company,N
was,president,of,unit,N
succeed,Hatch,as,president,V
was,president,of,Edison,N
named,president,of,Utilities,N
claiming,success,in,diplomacy,N
removed,Korea,from,list,V
improve,protection,of,property,N
made,progress,on,issue,V
is,realization,around,world,V
improved,standing,with,U.S.,N
protect,producers,from,showings,V
compel,number,of,parlors,N
pose,problems,for,owners,N
be,one,of,countries,N
issue,review,of,performance,N
issue,review,by,30,V
merit,investigation,under,provision,N
reach,reduction,of,%,N
CHANGED,face,of,computing,N
use,sets,as,screens,V
stored,data,on,audiocassettes,V
was,advance,from,I,N
triggered,development,in,models,N
store,pages,of,data,N
store,pages,in,memories,V
developed,system,for,PCs,N
adapted,one,of,versions,N
developed,drives,for,PCs,N
were,co-developers,of,modems,N
share,data,via,telephone,V
acquired,Inc.,for,million,V
sells,products,under,label,V
owns,%,of,stock,N
increase,interest,to,%,V
has,reserves,of,barrels,N
make,barrels,from,fields,N
make,barrels,from,fields,N
completed,sale,of,subsidiary,N
Following,acquisition,of,Scherer,N
is,part,of,program,N
approved,treatment,for,imports,N
requested,treatment,for,types,V
grant,status,for,categories,V
turned,treatment,for,types,V
is,seller,of,watches,N
be,beneficiaries,of,action,N
left,Magna,with,capacity,V
reported,declines,in,profit,N
cut,dividend,in,half,V
seek,seat,in,Parliament,N
cut,costs,throughout,organization,V
pursue,career,with,Magna,N
named,director,of,company,N
show,interest,of,investors,N
eliminate,risk,of,prepayment,N
redeploy,money,at,rates,V
channel,payments,into,payments,V
reducing,burden,on,investors,N
boosted,investment,in,securities,N
become,purchasers,of,debt,N
buying,billion,in,bonds,N
named,director,of,concern,N
expanding,board,to,members,V
giving,protection,from,lawsuits,N
began,offer,for,shares,N
owns,%,of,shares,N
reflects,intensity,of,intervention,N
follows,decline,in,reserves,N
kicked,issue,at,Board,V
mirrors,mania,of,1920s,N
brings,number,of,funds,N
hold,smattering,of,securities,N
get,taste,of,stocks,N
paying,premium,for,funds,V
reflect,marketing,of,funds,N
buy,receipts,on,stocks,N
buy,receipts,in,funds,V
holding,talks,about,repayment,N
extend,credit,to,countries,V
are,members,of,Fund,N
settled,debts,with,countries,V
stressed,debts,as,key,V
settle,hundreds,of,millions,N
booked,billion,in,orders,N
remove,effects,of,patterns,N
cite,lack,of,imbalances,N
provide,signals,of,downturn,N
had,news,on,front,N
fell,%,to,billion,V
rose,%,in,September,V
boost,spending,on,homes,N
rose,%,to,billion,V
ran,%,above,level,N
reported,increase,in,contracts,N
considered,forecast,of,recession,N
gauges,difference,between,number,N
reporting,improvement,in,area,N
polled,members,on,imports,V
reported,shortage,of,milk,N
are,figures,for,spending,N
have,lot,in,common,V
is,society,of,lore,N
perpetuate,notion,of,Japanese,N
carries,message,for,relations,N
mark,her,as,anything,V
is,one,of,writers,N
carry,dashes,of,Americana,N
give,way,to,baseball,V
is,mirror,of,virtues,N
is,Japanese,for,spirit,N
have,miles,of,it,N
named,star,as,symbol,V
return,balls,to,ushers,V
sidestep,shame,of,defeat,N
's,complaint,of,American,N
invades,aspects,of,lives,N
took,lesson,from,books,V
bans,smoking,in,restaurants,V
launched,Week,at,Institute,V
opened,market,to,cigarettes,V
restricts,advertising,to,places,V
are,the,in,markets,N
build,center,for,meeting,N
draw,20000,to,Bangkok,V
renewed,application,in,August,V
win,membership,in,Organization,N
get,AIDS,through,sex,V
including,relations,with,men,N
increased,charges,by,%,V
bring,charges,into,line,V
establishing,ties,with,Poland,N
announced,million,in,loans,N
modify,agreement,with,Czechoslovakia,N
seek,billion,from,Hungary,V
issue,dollars,of,debentures,N
buy,amount,of,debentures,N
buy,amount,at,par,V
complete,issue,by,end,V
is,inheritor,of,spirit,N
laid,claim,to,that,N
revived,Artist,in,movie,V
playing,bass,in,ensembles,V
selling,copies,of,Cosmopolitan,N
including,skirmishes,with,artist,N
returning,waif,to,mother,V
gives,sense,of,purpose,N
alerts,him,to,inadequacy,V
tuck,girl,into,one,V
had,presence,in,front,N
makes,it,with,deal,V
managed,kind,of,achievement,N
brought,lover,into,home,V
called,Latour,in,film,V
has,Peck,in,portrayal,V
take,look,at,Lights,N
discussing,plans,with,three,V
build,version,of,twin-jet,N
build,sections,of,767,N
hit,market,in,mid-1990s,V
getting,boost,in,campaign,V
leading,contests,of,1989,N
reached,levels,of,hostility,N
became,form,in,1988,V
Take,look,at,commercials,V
set,tone,for,elections,V
file,taxes,for,years,V
hid,links,to,company,N
paid,kidnapper,through,organization,V
prosecute,case,of,corruption,N
shows,photos,of,politicians,N
Compare,candidates,for,mayor,N
opposed,ban,on,bullets,N
's,situation,of,ads,N
made,secret,of,it,N
pay,95142,in,funds,N
blamed,problems,on,errors,V
had,reservations,about,language,N
opened,battle,with,Coleman,N
opened,battle,with,commercial,V
give,it,to,politicians,V
take,right,of,abortion,N
launch,series,of,advertisements,N
shake,support,among,women,N
featured,close-up,of,woman,N
propelling,region,toward,integration,V
sparking,fears,of,domination,N
tripled,commitments,in,Asia,N
tripled,commitments,to,billion,V
approved,million,of,investment,N
approved,million,in,1988,V
approved,million,of,investment,N
includes,increases,in,trade,N
pumping,capital,into,region,V
seek,sites,for,production,V
share,burdens,in,region,V
is,part,of,evolution,N
turn,themselves,into,multinationals,V
turn,Asia,into,region,V
spur,integration,of,sectors,N
make,tubes,in,Japan,V
assemble,sets,in,Malaysia,V
export,them,to,Indonesia,V
consider,framework,for,ties,N
offered,plan,for,cooperation,N
offered,plan,in,speech,V
playing,role,in,region,V
play,role,in,designing,V
outstrips,U.S.,in,flows,V
outranks,it,in,trade,V
remains,partner,for,all,V
pumping,assistance,into,region,V
voice,optimism,about,role,V
convey,undertone,of,caution,N
's,understanding,on,part,N
expand,functions,in,Asia,V
approach,it,with,attitude,V
be,gain,for,everyone,V
regard,presence,as,counterweight,V
step,investments,in,decade,V
giving,Test,of,Skills,N
giving,Test,to,graders,V
is,example,of,profession,N
matched,answers,on,section,V
had,answers,to,all,V
surrendered,notes,without,protest,V
use,notes,on,test,V
be,one,of,the,N
given,questions,to,classes,V
display,questions,on,projector,V
was,days,in,jail,V
is,one,of,downfall,N
became,something,of,martyr,N
casts,light,on,side,V
enforce,provisions,of,laws,N
win,bonus,under,1984,V
is,pressure,on,teachers,N
suspects,responsibility,for,erasures,N
changed,answers,to,ones,V
force,districts,into,interventions,V
posts,score,of,the,N
use,SAT,as,examination,V
paying,price,by,stressing,V
rates,one,of,states,N
is,way,for,administrators,N
take,it,at,all,V
keeping,track,of,booklets,N
was,enrollment,in,honors,N
becoming,principal,in,years,V
clean,deadwood,in,faculty,N
ushered,spirit,for,betterment,N
taught,students,in,program,N
consider,teaching,as,career,V
won,money,for,school,V
had,Yeargin,in,year,V
gave,ambitions,in,architecture,N
polish,furniture,in,classroom,N
correcting,homework,in,stands,V
defended,her,to,colleagues,V
earn,points,in,program,V
was,improvement,on,tests,N
Winning,bonus,for,year,V
attending,seminar,in,Washington,V
copied,questions,in,the,V
gave,answers,to,students,V
help,kids,in,situation,V
lift,scores,near,bottom,N
is,president,of,School,N
have,sympathy,for,her,V
taking,law,into,hands,V
said,something,like,want,N
turned,knife,in,me,V
decried,testing,on,show,V
give,particulars,of,offense,N
recommend,Yeargin,for,offenders,V
expunged,charges,from,record,V
cranked,investigation,of,case,N
carried,logo,on,front,V
did,lot,of,harm,N
cast,aspersions,on,all,V
casts,doubt,on,wisdom,V
evaluating,schools,by,using,V
opened,can,of,worms,N
find,answer,in,worksheets,V
give,them,in,weeks,V
is,difference,between,test,V
took,booklets,into,classroom,V
give,questions,to,students,V
rate,closeness,of,preparatives,N
was,publication,of,House,N
represented,form,of,CAT,N
completed,acquisition,of,Sacramento,N
completed,acquisition,for,million,V
has,offices,in,California,V
had,assets,of,billion,N
had,assets,at,end,V
extend,moratorium,on,funding,N
oppose,funding,for,abortion,V
implant,tissue,into,brain,V
placed,moratorium,on,research,V
pending,review,of,issues,N
fill,posts,at,helm,V
withdrawn,names,from,consideration,V
asked,them,for,views,V
is,director,of,Institute,N
imposing,tests,for,posts,V
be,role,for,make,V
make,judgments,about,applications,V
is,one,of,institutions,N
conducting,research,on,transplants,V
provide,incentive,for,one,N
spends,million,on,research,V
added,1.01,to,456.64,V
was,beginning,for,November,N
gained,1.39,to,446.62,V
gaining,1.28,to,449.04,V
jumped,3.23,to,436.01,V
permit,banks,from,regions,N
bid,shares,of,banks,N
bid,shares,on,news,V
surged,3,to,69,V
rose,7,to,18,V
rise,3,to,18,V
added,5,to,8,V
gained,1,to,4,V
reporting,loss,of,million,N
assuming,fluctuation,in,rates,N
achieve,earnings,in,1990,V
surged,3,to,55,V
begin,offer,for,all,V
rose,1,to,13,V
acquiring,Radio,in,swap,V
tumbled,4,to,14,V
owns,%,of,Radio,N
paying,shareholders,with,shares,V
lost,3,to,21,V
issued,Monday,under,rights,V
resolve,disputes,with,company,V
had,stake,in,Rally,V
seek,majority,of,seats,N
seek,majority,on,board,V
slipped,7,to,10,V
post,loss,for,quarter,V
had,income,of,million,N
had,income,on,revenue,V
threatened,sanctions,against,lawyers,V
report,information,about,clients,V
provide,information,about,clients,V
returned,forms,to,IRS,V
become,witness,against,client,N
red-flag,problem,to,government,V
received,letters,in,days,V
Filling,forms,about,individuals,V
spark,action,against,clients,V
passed,resolution,in,1985,V
disclosing,information,about,client,V
prevent,client,from,committing,V
bring,actions,against,taxpayers,V
opposed,stance,on,matter,N
had,knowledge,of,actions,N
had,knowledge,in,week,V
provide,information,about,clients,V
obtain,returns,of,individual,N
obtained,forms,without,permission,V
pass,me,in,three,V
ask,them,for,loan,V
increased,pay,by,%,V
discuss,salary,in,detail,V
suing,Guild,of,East,N
suing,Guild,for,million,V
began,strike,against,industry,V
honor,strike,against,company,V
preventing,guild,from,punishing,V
prohibits,use,of,funds,N
assist,woman,in,obtaining,V
prohibits,funding,for,activities,V
are,source,of,funding,N
are,source,for,services,V
violate,freedom,of,speech,N
violate,rights,of,women,N
CLEARS,JUDGE,of,bias,N
CLEARS,JUDGE,in,comments,V
sparked,calls,for,inquiry,N
sparked,calls,with,remarks,V
sentencing,defendant,to,years,V
killing,men,in,park,V
breach,standards,of,fairness,N
violate,code,by,commenting,V
began,arguments,in,courtroom,V
charged,GAF,with,attempting,V
manipulate,stock,of,Corp.,N
joined,firm,of,Mayer,N
became,partner,in,Washington,V
reached,agreement,in,principle,V
buy,buildings,in,Albany,V
bid,equivalent,on,contracts,V
offered,yen,for,contract,V
bid,yen,in,auctions,V
lost,contract,to,Fujitsu,V
summoned,executives,from,companies,N
understood,concern,about,practices,N
investigating,bids,for,violations,V
had,reputation,for,sacrificing,V
accepting,gifts,from,businessmen,V
been,complaints,about,issue,V
have,access,to,procurement,V
win,contract,in,prefecture,V
design,system,for,library,V
plan,telecommunications,for,prefecture,V
withdraw,bids,in,Hiroshima,V
completed,sale,of,four,N
retaining,stake,in,concern,V
owns,chain,of,stores,N
rose,%,to,32.8,V
rose,%,to,29.3,V
made,purchase,in,order,V
bought,plant,in,Heidelberg,V
reflects,slowdown,in,demand,V
take,a,for,period,V
cover,restructuring,of,operations,N
citing,weakness,as,decision,N
been,slowing,in,rate,V
make,reductions,in,expenses,V
had,loss,of,million,N
had,profit,of,million,N
rose,%,to,million,V
reflects,switch,from,wafers,V
converting,Clara,to,facility,V
elected,director,of,maker,N
increasing,membership,to,10,V
posted,gains,against,currencies,V
underpin,dollar,against,yen,V
kept,currency,from,plunging,V
posted,gains,against,yen,V
is,force,in,market,V
traced,performance,against,yen,N
traced,performance,to,purchases,V
cites,deal,as,the,N
cites,deal,as,evidence,V
prompted,speculation,in,market,V
spurred,dollar,by,institutions,V
lock,returns,on,debt,N
showed,interest,in,evidence,V
following,release,of,report,V
measures,health,of,sector,N
boosted,expectations,in,day,V
turned,ratings,at,NBC,N
turned,ratings,since,debut,V
keeps,millions,of,viewers,N
keeps,millions,on,network,V
bought,reruns,for,prices,V
losing,Cosby,to,competitor,V
make,commitments,to,World,N
take,Cosby,across,street,V
is,point,in,week,V
been,disappointment,to,us,V
been,return,for,dollar,V
opened,office,in,Taipei,V
is,part,of,Group,N
offering,pages,of,space,N
thumbing,nose,at,advertisers,V
made,debut,with,promise,V
give,scoop,on,crisis,N
dumped,energy,into,rampage,V
be,some,of,folks,N
raised,ire,of,others,N
ran,diagram,of,product,N
is,one,of,products,N
is,one,in,terms,V
need,Soups,of,world,N
make,run,of,it,N
have,base,of,spenders,N
featured,ads,from,handful,N
support,magazine,over,haul,V
sold,copies,of,issue,N
has,orders,for,subscriptions,N
makes,supplier,of,programming,N
providing,programming,in,return,V
sell,time,to,clients,V
named,Spiro,as,agency,V
awarded,account,for,line,N
awarded,account,to,Mather,V
completed,acquisition,of,Associates,N
increase,price,of,plan,N
made,offer,for,Containers,N
sell,billion,of,assets,N
use,some,of,proceeds,N
buy,%,of,shares,N
buy,%,for,70,V
ward,attempt,by,concerns,N
offered,50,for,Containers,V
sweetened,offer,to,63,V
increase,price,above,level,V
characterizing,it,as,device,V
receiving,36,in,cash,V
place,shares,in,market,V
requiring,roofs,for,minivans,V
equip,minivans,with,belts,V
represents,milestone,in,program,N
promote,safety,in,minivans,N
promote,safety,through,extension,V
impose,standards,on,vans,V
including,members,of,Congress,N
urging,department,for,years,V
extend,requirements,to,vans,V
carry,people,than,cargo,N
have,features,as,cars,V
have,luck,during,administration,V
require,equipment,in,minivans,V
withstand,force,of,weight,N
has,belts,in,trucks,V
phasing,them,by,end,V
meet,standard,for,cars,N
met,standards,for,resistance,V
installing,belts,in,trucks,V
joins,board,of,company,N
joins,board,on,1,V
held,talks,with,partners,V
dropped,opposition,to,bills,N
allow,banking,by,banks,V
allow,banking,within,England,V
had,conversations,with,people,N
drop,opposition,to,legislation,N
declining,%,to,million,V
lay,%,of,force,N
cut,dividend,to,cents,V
is,2,to,stock,N
reported,income,of,million,N
become,chairman,in,May,V
issued,Monday,in,plan,V
receive,1,of,cent,N
receive,1,as,payment,V
resolve,disputes,with,company,N
hold,stake,in,Rally,N
seek,majority,of,seats,N
announced,tag,for,Cabernet,N
is,peak,of,experience,N
introduced,wine,at,dinner,V
is,high,for,Sauvignon,V
weighed,fall,with,price,V
is,category,of,superpremiums,N
included,stable,of,classics,N
boast,share,of,bottles,N
was,Blanc,de,Blancs,N
steal,march,on,Burgundy,N
offered,Corton-Charlemagne,for,155,V
exhausted,supply,of,wines,N
seen,decrease,in,demand,N
Take,Cabernet,from,Creek,N
yielded,cases,in,1987,V
sell,it,for,60,V
Offering,wine,at,65,V
sent,merchants,around,country,N
check,one,of,answers,N
are,people,with,opinions,V
wins,ratings,from,critics,V
add,it,to,collection,V
's,sort,of,thing,N
's,sort,with,people,V
increased,prices,on,wines,N
see,resistance,to,Burgundies,N
keep,Cristal,in,stock,V
lowering,price,from,115,V
's,question,of,quality,N
have,ideas,about,value,V
buy,Tache,at,moment,N
is,writer,in,York,V
increasing,pressure,on,Reserve,N
see,slowing,in,quarter,V
is,cause,for,concern,N
cut,rate,by,point,V
shown,sign,of,movement,N
noted,orders,for,types,V
is,chance,of,recession,N
put,percentage,on,it,V
mailing,materials,to,shareholders,V
receive,one,for,shares,V
buy,100,of,bonds,N
buy,shares,at,cents,V
owns,%,of,Integra,N
rejected,contract,on,Tuesday,V
continue,shipments,during,stoppage,V
sell,billion,in,bonds,N
sell,billion,next,week,V
raise,money,in,markets,V
pay,billion,in,bills,N
cause,disruption,in,schedule,N
raise,billion,in,cash,V
redeem,billion,in,notes,N
sell,billion,in,bills,N
sell,billion,on,Thursday,V
approves,increase,in,ceiling,N
clearing,way,for,offering,N
raise,billion,in,quarter,V
end,December,with,balance,V
raise,total,of,billion,N
acquired,Inc.,in,transaction,V
has,sales,of,million,N
took,advantage,of,rally,N
buy,shares,of,targets,N
had,effect,on,markets,V
posted,rise,in,profit,N
posted,rise,in,half,V
sold,unit,to,company,V
supplies,services,to,industry,V
acquire,Corp.,for,50,V
stepping,pressure,on,concern,N
follows,proposal,by,NL,N
rebuffed,offer,in,September,V
made,proposals,to,shareholders,V
own,stake,in,Gulf,N
owns,%,of,Inc.,N
rose,cents,to,15,V
put,dollars,in,equity,N
finance,remainder,with,debt,V
answer,offer,by,Tuesday,V
followed,offers,with,offer,V
gain,millions,of,dollars,N
representing,University,of,Pennsylvania,N
added,Johnson,to,lawsuit,V
challenging,member,over,rights,V
filed,suit,in,court,V
developed,Retin-A,in,1960s,V
licensed,Retin-A,to,division,V
focusing,attention,on,differences,V
's,one,of,subjects,N
see,rhetoric,as,signal,V
discussing,negotiations,with,leaders,V
have,opportunity,at,investment,N
devoted,all,of,briefing,N
devoted,all,to,subject,V
gain,influence,at,company,V
grant,seats,on,board,N
made,hay,with,troubles,V
use,experience,in,talks,V
seek,access,to,markets,N
get,share,of,attention,N
has,litany,of,recommendations,N
has,litany,for,the,V
need,action,across,range,V
need,it,by,spring,V
have,sheaf,of,documents,N
increasing,stake,in,business,N
improves,access,to,technology,N
provides,source,of,capital,N
Take,deal,with,Corp.,N
set,sights,on,Japan,V
guided,Candela,through,maze,V
secured,approval,for,products,V
sold,million,of,devices,N
sold,million,in,Japan,V
gave,access,to,product,N
view,this,as,area,V
bankroll,companies,with,ideas,V
putting,money,behind,projects,V
financed,firms,for,years,V
invested,million,in,positions,V
invested,rise,from,figure,N
tracks,investments,in,businesses,N
involved,purchase,of,firms,N
parallels,acceleration,of,giving,N
giving,control,of,corporations,N
acquired,stake,in,Group,N
improve,access,to,knowledge,N
feed,anxieties,in,area,N
bought,interest,in,company,N
bought,interest,in,venture,V
give,window,on,industry,N
's,investment,in,company,N
see,market,from,inside,V
got,start,in,period,V
using,term,for,the,N
's,problem,of,businessman,N
has,relation,to,business,V
get,return,on,investment,N
double,number,of,affiliates,N
double,number,in,1990,V
provides,maintenance,to,airports,V
reported,loss,for,year,V
omitted,dividend,on,shares,N
been,president,since,1984,V
put,15000,in,certificate,V
deserve,something,for,loyalty,V
took,business,to,Atlanta,V
use,it,for,services,V
aiming,packages,at,the,V
targets,sub-segments,within,market,N
add,benefits,to,package,V
included,checks,for,fee,V
begot,slew,of,copycats,N
analyze,customers,by,geography,V
opened,field,for,products,V
extend,battles,into,towns,V
spread,accounts,over,institutions,V
runs,firm,in,Charlotte,V
introduce,line,in,1986,V
have,package,for,them,V
has,packages,for,groups,V
split,those,into,30,V
markets,accessories,for,computers,N
Send,child,to,university,V
Make,difference,in,life,N
Make,difference,through,Plan,V
spend,15000,like,change,V
helping,S&L,in,areas,V
send,support,to,institution,V
keep,Institution,off,deficit,V
is,lawyer,in,York,N
become,Parent,to,loan,V
send,information,about,institution,N
told,meeting,in,Washington,N
support,halts,of,trading,N
reinstating,collar,on,trading,V
take,effect,in,pit,V
following,review,of,the,N
fell,total,of,points,N
knocked,contract,to,limit,V
provides,respite,during,sell-offs,V
become,limit,for,contract,N
banned,trades,through,computer,V
expressed,concern,about,volatility,N
done,this,in,public,V
writing,report,to,panel,V
been,studies,of,issue,N
was,time,for,action,N
carry,legislation,in,months,V
expressed,concern,about,problems,V
is,one,of,the,N
calling,faithful,to,evensong,V
is,note,in,Aslacton,V
enjoying,peal,of,bells,N
drive,Sunday,from,church,V
diminish,ranks,of,group,N
playing,tunes,on,bells,V
have,names,like,Major,V
gives,idea,of,work,N
swap,places,with,another,V
become,bit,of,obsession,N
leaving,worship,for,others,V
set,line,in,protest,V
treated,tower,as,sort,V
are,members,of,congregation,N
following,dust-up,over,attendance,N
draw,people,into,church,V
improve,relations,with,vicars,N
entitled,Bells,in,Care,N
have,priority,in,experience,N
is,source,of,ringers,N
surfaced,summer,in,series,V
signing,letter,as,male,V
making,tea,at,meetings,V
take,comfort,in,arrival,V
signal,trouble,for,prices,V
be,trap,for,investors,N
kill,them,after,mating,N
give,way,to,environments,V
fell,%,in,1977,V
rose,%,in,1988,V
kept,pace,with,advances,V
keeping,watch,on,yield,V
pushes,yield,below,%,V
paying,percentage,of,flow,N
paying,percentage,in,form,V
buy,some,of,shares,N
factors,that,into,yield,V
get,yield,of,%,N
is,tad,below,average,V
reflecting,weakening,in,economy,N
forecasting,growth,in,dividends,N
is,tally,from,Poor,N
raised,dividends,in,October,V
measure,magnitude,of,changes,N
be,harbinger,of,growth,N
deliver,return,to,%,N
deliver,return,over,months,V
expects,growth,in,dividends,N
expects,growth,next,year,V
is,element,in,outlook,N
start,Co.,in,Boston,V
had,subsidiary,in,York,V
called,Co.,of,York,N
registered,days,before,application,N
dropped,basis,for,plight,N
reported,losses,for,quarters,V
build,business,over,year,V
servicing,base,of,systems,N
provide,maintenance,for,manufacturers,V
using,some,of,applications,N
pay,dividends,on,stock,V
set,rapprochement,between,Beijing,N
took,aim,at,interference,V
forgiven,leaders,for,assault,V
killed,hundreds,of,demonstrators,N
including,friends,of,China,N
expressed,regret,for,killings,N
reprove,China,for,it,V
imposed,series,of,sanctions,N
including,suspension,of,talks,N
is,envoy,for,administration,N
brief,president,at,end,V
raised,number,of,issues,N
raised,number,in,hours,V
restore,participation,in,Program,N
is,part,of,community,N
welcome,infusion,of,ideas,N
told,group,of,Americans,N
told,group,at,Embassy,V
are,signs,of,China,N
encounter,guards,with,guns,N
encounter,guards,during,visit,V
discarded,arms,for,time,V
filed,protests,with,Ministry,V
pointed,rifles,at,children,V
passing,buck,to,people,V
visited,lot,of,manufacturers,N
spending,lot,of,money,N
spending,lot,on,advertising,V
Earns,Ratings,Than,President,N
define,blacks,by,negatives,V
have,views,of,her,N
speaks,language,than,husband,N
have,view,of,spouse,N
disciplined,number,of,individuals,N
disciplined,number,for,violations,V
had,listing,for,party,N
selling,securities,at,prices,V
return,call,to,office,N
received,suspension,in,capacity,N
described,situation,as,problem,V
transacting,trades,for,days,V
sold,securities,to,public,V
sold,securities,at,prices,V
had,clients,at,all,V
resist,onslaught,of,trading,N
shrug,furor,over,activities,N
exploit,differences,between,prices,N
took,place,in,markets,V
forgotten,leap,in,prices,N
drove,stocks,in,the,V
suspend,trading,in,futures,N
suspend,trading,at,time,V
tightened,controls,on,purchases,N
reaped,chunk,of,earnings,N
reaped,chunk,from,arbitrage,V
joined,list,of,firms,N
doing,arbitrage,for,accounts,V
heads,Salomon,in,Tokyo,V
ascribe,part,of,success,N
ascribe,part,to,ability,V
offer,strategies,to,clients,V
is,cause,for,concern,N
is,cause,at,moment,V
manages,billion,in,funds,N
gained,following,since,crash,V
was,%,of,size,N
is,times,as,market,N
boost,wage,for,time,V
casting,vote,for,measure,N
cost,thousands,of,jobs,N
bend,bit,from,resistance,V
raising,wage,to,3.35,V
are,smiles,about,bill,N
praised,acceptance,of,wage,N
pay,subminimum,for,days,V
uses,program,for,workers,N
lift,floor,in,stages,V
received,contract,for,services,N
won,contract,for,aircraft,N
given,contract,for,equipment,N
got,contract,for,handling,N
made,acquisitions,in,mode,V
leading,bid,for,Corp,N
entice,Nekoosa,into,negotiating,V
pursue,completion,of,transaction,N
opens,possibility,of,war,N
make,bid,for,Nekoosa,N
picked,approach,to,management,N
picked,approach,as,president,V
Assuming,post,at,age,V
is,rule,in,universities,N
researching,book,on,Hahn,N
make,transition,to,world,N
spending,years,in,college,N
earned,doctorate,in,physics,N
engineered,turnaround,of,Georgia-Pacific,N
building,segment,of,company,N
buffet,products,from,cycles,V
attributes,gains,to,philosophy,V
be,concern,in,world,N
be,concern,with,combined,V
approved,portions,of,package,N
approved,portions,in,hopes,V
approved,million,in,guarantees,N
approved,million,under,program,V
provoked,threats,by,House,N
are,factor,in,shaping,N
reallocate,million,from,Pentagon,N
receive,portion,of,appropriations,N
fund,series,of,initiatives,N
received,quota,of,tons,N
received,quota,over,period,V
are,target,for,growers,N
began,bidding,by,proposing,V
broadened,list,by,including,V
has,ties,to,industry,N
insert,claim,by,Philippines,N
gave,approval,to,billion,V
carries,ban,on,flights,N
move,measure,to,House,V
bounce,bills,to,House,V
losing,night,with,Committee,N
Takes,Backseat,To,Safety,N
Takes,Backseat,on,Bridges,V
replace,openings,on,Bridge,N
blocks,view,of,park,N
keep,railings,on,Bridge,N
replace,trays,at,stands,N
takes,space,than,carriers,N
's,place,for,food,N
promises,change,on,sides,N
runs,gamut,from,blender,N
swap,teachers,at,Carnegie-Mellon,N
get,exposure,to,system,N
making,products,for,Soviets,N
renew,sense,of,purpose,N
IT'S,BIRDS,with,deal,N
seeking,solutions,to,shortage,N
contain,cells,with,point,N
compared,them,to,pyramids,V
house,inmates,at,cost,V
building,prison,in,York,V
cited,Corp.,for,violations,V
proposed,fines,of,million,N
was,record,for,proposed,N
cited,violations,of,requirements,N
proposed,million,in,fines,N
record,injuries,at,works,N
contest,penalties,before,Commission,V
was,million,for,alleged,N
emphasized,prevalance,of,alcoholism,N
had,multitude,of,disorders,N
lack,necessities,of,nutrition,N
predispose,person,to,homelessness,V
be,consequence,of,it,N
exhibits,combination,of,problems,N
quote,director,of,a,N
played,role,in,number,N
cite,groups,as,Association,N
got,support,from,groups,V
including,someone,from,staff,N
put,them,on,streets,N
raise,million,through,placement,V
discuss,terms,of,issue,N
approved,legislation,on,buy-outs,N
put,brakes,on,acquisitions,N
load,carrier,with,debt,V
block,acquisition,of,airline,N
called,amendment,by,supporters,V
preventing,Chairman,from,attempting,V
drop,Voice,of,offices,N
print,text,of,broadcasts,N
are,propaganda,of,sorts,N
make,mind,on,issue,V
broadcasts,news,in,languages,V
barred,dissemination,of,material,N
read,texts,of,material,N
read,texts,at,headquarters,V
barred,them,from,copying,V
print,it,in,newspaper,V
sounded,lot,like,censorship,N
lost,case,in,court,V
changed,position,on,points,N
declared,right,of,everyone,N
disseminate,materials,in,States,V
preclude,plaintiffs,from,disseminating,V
allowed,access,to,materials,N
allowed,access,notwithstanding,designations,V
check,credentials,of,person,N
proscribes,government,from,passing,V
abridging,right,to,speech,N
prescribe,duty,upon,government,V
assure,access,to,information,N
read,Voice,of,scripts,N
visiting,office,during,hours,V
copy,material,on,machine,V
get,words,for,examination,N
get,answers,to,questions,N
was,director,of,the,N
run,Campbell,as,team,V
including,executives,with,experience,N
is,a,in,market,N
paid,times,for,PLC,V
have,rapport,with,employees,N
have,responsibility,for,operations,N
joined,Campbell,in,1986,V
take,charge,of,operations,N
boost,performance,to,level,V
controlled,%,of,stock,N
took,charge,against,earnings,N
discuss,circumstances,of,departure,N
reached,age,of,65,N
reached,age,in,1991,V
withdrawn,name,as,candidate,V
received,salary,of,877663,N
owns,shares,of,stock,N
convince,board,of,worthiness,N
give,duo,until,year,V
take,look,at,businesses,N
applaud,performance,of,U.S.A.,N
posted,growth,for,1989,V
announced,resignation,from,house,N
handled,growth,of,company,N
integrated,acquisitions,in,years,V
been,president,of,House,N
run,side,in,combination,V
be,publisher,of,books,N
signals,attempt,under,pretext,N
gives,veto,over,action,N
gives,Congress,through,ability,V
swallow,principle,of,separation,N
discussed,clause,at,Convention,V
needed,executive,with,resources,N
placing,president,on,leash,V
contained,attempts,by,Congress,N
rewrite,Constitution,under,pretext,V
sign,bills,into,law,V
declaring,intrusions,on,power,N
strip,president,of,powers,N
make,appointments,without,approval,V
fill,Vacancies,by,granting,V
approve,nomination,of,said,N
make,appointments,under,II,V
imposes,conditions,on,ability,V
nominate,candidates,of,choosing,N
avoid,restriction,by,choosing,V
prohibits,service,to,government,N
contain,number,of,provisions,N
violate,clause,in,II,N
make,recommendations,to,Congress,V
select,matter,of,recommendations,N
proposing,alternatives,to,regulations,N
prevents,Office,of,Budget,N
subjecting,orders,to,scrutiny,V
illustrates,attempt,than,609,V
contain,kinds,of,conditions,N
invite,Congress,for,remainder,V
rewrite,II,of,Constitution,N
becomes,custom,in,administration,V
discussing,control,in,Moscow,V
direct,president,through,rider,V
leave,part,of,branch,N
sign,bills,into,law,V
assert,power,of,excision,N
be,power,of,applicability,N
is,assertion,of,veto,N
is,assertion,at,all,V
exerting,power,of,excision,N
violate,separation,of,powers,N
asserts,right,of,excision,N
takes,dispute,to,Court,V
is,vindication,of,right,N
take,provisions,in,bills,N
realize,fear,in,48,N
extending,sphere,of,activity,N
drawing,powers,into,vortex,V
was,billion,in,1987,V
deducting,expenses,from,income,V
saved,farmers,from,year,V
reclaim,quantities,of,grain,N
sell,commodities,at,profit,V
attributed,increases,to,package,V
confirms,rebound,from,depression,N
explain,reluctance,of,lobbies,N
make,changes,in,program,N
curtailed,production,with,programs,V
led,nation,with,billion,V
log,decline,in,income,N
was,setback,for,10000,N
boosted,production,of,corn,N
turns,city,into,town,V
faces,competition,in,County,N
faces,competition,in,Valley,V
put,paper,on,block,V
asking,million,for,operation,V
buy,space,in,the,V
target,area,with,one,V
provide,alternative,to,the,N
joins,News-American,as,cornerstones,V
built,castle,at,Simeon,N
kept,apartment,in,building,N
represent,condition,of,industry,N
was,survivor,from,age,N
cut,circulation,in,half,V
restored,respect,for,product,N
beat,rival,on,disclosures,V
provide,employees,with,service,V
pay,them,for,days,V
filling,box,with,edition,V
make,payment,on,million,V
obtain,capital,from,lenders,V
make,payment,by,1,V
seeking,offers,for,stations,N
leave,home,without,card,V
joining,forces,in,promotion,V
encouraging,use,of,card,N
giving,vacations,for,two,N
giving,vacations,to,buyers,V
charge,part,of,payments,N
charge,part,on,card,V
sending,letters,to,holders,V
approached,Express,about,promotion,V
restore,reputation,as,car,N
is,part,of,effort,N
broaden,use,of,card,N
is,company,with,maker,N
promote,card,as,card,V
charge,all,of,purchase,N
charge,all,on,card,V
finance,part,of,purchase,N
finance,part,through,Corp,V
put,payment,on,card,V
joining,forces,with,them,V
is,nameplate,among,holders,V
asked,members,in,mailing,V
get,information,for,purchases,V
screened,list,for,holders,V
get,point,off,rates,N
increase,use,of,cards,N
have,plans,for,tie-in,N
offered,tickets,on,Airlines,N
offered,tickets,to,buyers,V
declared,variety,of,deals,N
set,precedent,for,municipalities,V
retraced,some,of,losses,N
lost,millions,of,pounds,N
lost,millions,from,deals,V
make,payments,on,debt,N
making,payments,with,another,V
make,payments,to,banks,V
set,precedent,for,transactions,N
representing,one,of,banks,N
exhaust,avenues,of,appeal,N
recover,payments,to,authorities,N
recover,payments,in,instances,V
made,payments,to,councils,N
file,appeal,against,ruling,N
cause,fall,on,13,N
are,proponents,of,trading,N
make,markets,in,stocks,V
announced,addition,of,layer,N
slow,traders,during,market,V
approve,restrictions,on,trading,N
turning,market,into,crapshoot,V
abandoned,arbitrage,for,accounts,V
do,trades,for,clients,V
stop,racket,on,Street,N
telephone,executives,of,companies,N
rallying,CEOs,to,cause,V
gained,control,over,chunk,N
wedded,them,to,ability,V
wrote,letter,to,Chairman,N
pitting,employee,against,employee,V
made,shambles,of,system,V
turning,market,into,den,V
portray,pickers,as,Neanderthals,V
beg,regulators,for,protection,V
take,advantage,of,discrepancies,N
place,orders,via,computers,V
sell,them,in,market,V
lock,difference,in,price,N
lock,difference,as,profit,V
involve,sale,of,millions,N
earns,profit,of,25000,N
is,reason,for,gyrations,N
seen,iota,of,evidence,N
support,restrictions,on,trading,N
halted,trading,in,futures,N
ignoring,role,as,source,V
keep,returns,of,benchmarks,N
losing,clients,to,funds,V
charge,pennies,per,100,V
make,dinosaurs,of,firms,N
earned,returns,of,%,N
earned,returns,on,capital,V
making,markets,in,stocks,N
see,step,to,trading,N
see,step,as,knell,V
keep,funds,from,taking,V
taking,business,to,markets,V
stacking,deck,against,them,V
scaring,them,to,death,V
buy,stocks,in,500,N
doing,%,of,volume,N
minted,dozens,of,millionaires,N
trade,worth,of,futures,N
getting,thunder,from,Congress,V
put,system,in,jeopardy,V
put,genie,in,bottle,V
stop,idea,of,trading,N
trading,basket,of,stocks,N
is,increase,in,requirement,N
chase,dozens,of,traders,N
prevents,sale,of,stock,N
destroy,efficiency,of,markets,N
suspend,trading,during,swings,V
is,form,of,trading,N
takes,advantage,of,concept,N
owns,widget,in,York,N
replace,it,with,widget,V
beat,return,of,index,N
executing,order,in,stocks,V
is,evidence,of,desires,N
make,transactions,of,numbers,N
taking,advantage,of,inefficiencies,N
evoking,curses,of,observers,N
is,difference,between,markets,N
causes,difference,in,prices,N
initiating,sell,in,Chicago,N
transfers,pressure,from,Chicago,V
decrease,ownership,in,widgets,N
get,execution,of,trade,N
is,subtraction,to,market,N
become,ticket,of,future,N
encourage,type,of,investor,N
encourage,type,over,another,V
attract,investor,to,he,V
using,trading,as,boy,V
gain,ground,in,wooing,N
wooing,investors,for,products,V
bringing,interference,from,markets,V
is,one,for,abolishing,N
amass,record,with,fees,N
offering,it,to,investors,V
inviting,liquidity,with,ways,V
transfer,capital,among,participants,V
executes,trades,for,institutions,V
affect,operations,of,Department,N
cut,request,for,enforcement,N
make,filings,to,regulators,N
requested,amount,for,enforcement,N
requested,amount,for,1990,V
charges,nothing,for,filings,V
is,increase,of,million,N
noticed,surge,in,filings,N
set,record,for,elections,N
represent,the,in,any,N
cites,efforts,in,Oklahoma,N
Taking,cue,from,California,V
reflect,development,of,structure,N
is,sort,of,sense,N
is,sort,in,market,V
fetching,deal,of,money,N
brings,number,of,services,N
costs,caller,from,cents,V
noting,interest,in,use,N
eyeing,registration,through,service,N
face,barriers,to,raising,N
improving,rates,of,patients,N
improving,rates,at,Hospital,V
send,light,to,dozens,V
including,emphasis,on,medicine,N
gotten,inquiries,from,people,V
limited,growth,at,Services,N
spurring,move,to,cloth,N
eliminate,need,for,pins,N
bearing,likeness,of,Freud,N
have,advantage,because,quantity,V
blames,trading,for,some,V
cites,troubles,in,bonds,N
's,virtue,in,it,V
does,anything,for,market,V
runs,agency,in,York,N
plays,options,for,account,V
factoring,volatility,into,decisions,V
increases,liquidity,in,market,N
is,part,of,markets,N
bring,market,after,plunge,V
get,rhythm,of,trading,N
take,advantage,of,it,N
sell,all,by,quarter,V
sell,stocks,in,trust,N
took,advantage,of,prices,N
receive,3500,at,closing,V
approved,transaction,by,written,V
raised,capacity,of,crystals,N
raised,capacity,by,factor,V
created,changes,in,structures,N
made,advance,with,superconductors,V
marks,step,in,research,N
obtained,capacity,in,films,V
conduct,electricity,without,resistance,V
created,changes,by,process,V
bombarding,samples,with,neutrons,V
creates,radioactivity,in,samples,V
breathed,sigh,of,relief,N
breathed,sigh,about,finding,V
involves,motion,of,fields,N
pins,fields,in,place,V
combine,process,with,growth,V
raise,capacity,of,samples,N
named,officer,of,Corp.,N
succeeded,Taylor,as,chairman,V
posted,loss,of,million,N
had,impact,of,million,N
is,million,of,bonds,N
expect,rating,from,Moody,V
indicating,coupon,at,par,N
buy,shares,at,premium,V
is,Monday,from,1989,N
is,Tuesday,from,1989,N
have,home,for,them,V
is,fan,of,proposition,N
build,replacement,for,Park,N
sink,million,into,stadium,V
be,moneymakers,for,city,N
brought,money,into,city,V
redistribute,wealth,within,community,V
sink,dollars,into,mega-stadium,V
spent,100000,on,promotion,V
rejected,%,to,%,N
built,Park,for,Giants,V
playing,games,with,voters,V
built,coliseum,with,funds,V
slipped,%,to,million,V
fell,%,to,million,V
were,losses,in,period,N
was,gain,of,million,N
was,profit,from,discontinued,V
contributed,million,before,tax,V
fell,%,to,million,V
rose,pence,to,pence,V
paying,dividend,of,pence,N
fell,%,to,million,V
sent,shivers,through,community,V
retain,ratings,on,paper,N
reduce,margins,on,borrowings,N
signal,trouble,for,firms,V
shoring,standing,in,months,V
taking,risks,with,capital,V
's,departure,from,practice,N
transferring,risks,to,investors,V
raised,flag,for,industry,N
raised,flag,in,April,V
acquires,company,in,transaction,V
create,prospects,for,profitability,N
arranged,billion,of,financings,N
arranged,billion,for,units,V
represent,portion,of,equity,N
been,participant,in,business,N
includes,billion,of,goodwill,N
has,million,of,capital,N
had,Shearson,under,review,V
taken,toll,on,Drexel,N
cutting,workforce,in,half,V
circulated,statement,among,firms,V
diminished,year,from,years,V
is,plus,in,view,V
been,firm,on,Street,N
been,president,of,engineering,N
sought,involvement,of,suppliers,N
change,perception,of,cars,N
holding,variety,of,positions,N
hear,appeal,from,case,N
offer,kind,of,aid,N
offer,kind,to,those,V
becomes,precedent,for,cases,N
reported,cases,among,daughters,N
expanded,approach,for,time,V
pay,share,of,damages,N
sold,all,in,California,V
are,issues,of,process,N
chilled,introduction,of,drugs,N
rejected,liability,for,drugs,N
favors,marketing,of,drugs,N
forced,drug,off,market,V
suffer,injuries,from,drugs,N
replaced,lawsuits,over,vaccines,N
replaced,lawsuits,with,fund,V
trash,law,in,cases,N
completed,purchase,of,chain,N
operates,stores,in,Northeast,N
reported,revenue,of,billion,N
runs,stores,as,Taylor,N
had,guilders,of,charges,N
had,guilders,in,quarter,V
reflect,losses,in,connection,N
had,guilders,of,charges,N
cut,spending,by,half,V
send,million,in,aid,N
send,million,to,Poland,V
harmed,farmers,in,Salvador,N
need,market,for,products,N
expects,income,in,year,N
fell,1.125,to,13.625,V
fell,%,to,%,V
earned,million,on,revenue,V
attributed,downturn,in,earnings,N
attributed,downturn,to,costs,V
carry,it,through,period,V
edged,Wednesday,in,trading,V
added,points,to,35564.43,V
fell,points,to,35500.64,V
outnumbered,454,to,451,N
reflecting,uncertainty,about,commitments,N
sparked,buying,in,issues,V
is,liquidity,despite,trend,V
regarding,direction,of,market,N
advanced,yen,to,1460,V
gained,20,to,1570,V
rose,50,to,1500,V
fell,yen,to,692,V
added,15,to,960,V
advanced,11,to,890,V
affecting,demand,for,stocks,N
closed,points,at,2160.1,V
posting,intraday,of,2141.7,N
posting,intraday,in,minutes,V
ended,day,near,session,V
settled,points,at,1738.1,V
hugging,sidelines,on,fears,V
cited,volatility,as,factors,V
tender,bid,for,control,N
waive,share,in,maker,N
raised,prospects,of,war,N
gain,acceptance,of,bid,N
sparked,expectations,of,bid,N
rose,9,to,753,V
eased,highs,in,dealings,V
gained,15,to,397,V
reporting,drop,in,profit,N
cover,requirements,in,shares,N
climbed,32,to,778,V
gained,18,to,666,V
advanced,23,to,14.13,V
are,trends,on,markets,N
alleging,violations,in,facility,N
stored,materials,in,containers,V
held,hearings,on,allegations,N
returned,plant,to,inspection,V
expects,vindication,in,court,N
had,effect,on,consumers,V
was,116.4,in,October,V
was,116.9,in,1988,V
uses,base,of,100,N
providing,sense,of,security,N
kept,power,of,paycheck,N
buy,homes,in,months,V
buy,appliances,in,months,V
ranked,offering,as,sale,V
paid,attention,to,reports,N
provided,view,of,economy,N
blurred,picture,of,economy,N
reported,declines,in,activity,N
enhances,importance,of,data,N
caused,swings,in,prices,N
forecast,rise,in,rate,N
create,one,for,refunding,V
raise,billion,in,cash,N
issue,billion,of,bonds,N
increasing,size,of,bond,N
gauge,demand,for,securities,N
is,contingent,upon,passage,N
issue,debt,of,kind,N
dominated,activity,in,market,N
posted,return,of,%,N
showed,return,of,%,N
outdistanced,return,from,bonds,N
trailed,gains,in,market,N
yielding,%,to,life,V
including,lack,of,interest,N
was,interest,in,bonds,N
fell,14,to,111,V
fell,9,to,103,V
lowered,rating,on,million,N
exceeds,profit,by,margin,V
noted,loss,of,million,N
including,gains,of,million,N
fell,%,in,quarter,V
lost,million,in,business,V
posted,earnings,of,million,N
included,charge,in,quarter,V
ordered,investigation,of,impact,N
referred,takeover,to,Commission,V
sold,business,to,Ltd.,V
is,unit,of,S.A,N
has,branches,throughout,U.K.,V
had,profit,of,million,N
throws,work,on,legislation,N
has,control,over,legislation,N
guarantee,cut,in,emissions,N
abandon,proposal,for,cap,N
junk,system,for,credits,N
subsidize,costs,for,utilities,N
sparing,customers,from,jumps,V
present,alternative,to,members,V
pose,challenge,to,plan,N
win,support,of,utilities,N
representing,some,of,utilities,N
have,agreement,with,company,V
acquired,%,of,City,N
acquire,%,from,Co.,V
coordinate,markets,in,times,V
routes,trades,into,file,V
fall,points,from,close,V
halt,trading,for,hour,V
slides,points,on,day,V
zip,orders,into,exchange,V
handles,%,of,orders,N
buy,quantity,of,instrument,N
buy,quantity,at,price,V
swapping,stocks,for,futures,V
involving,sale,of,stocks,N
selling,baskets,of,stocks,N
executing,trades,in,options,V
capture,discrepancies,between,stocks,N
buy,value,of,index,N
buy,value,by,date,V
multiplying,number,by,amount,V
buy,amount,of,investment,N
buy,amount,by,date,V
seek,control,of,airline,N
make,bid,by,himself,V
boost,value,of,holdings,N
position,himself,as,investor,V
sold,stock,at,profit,V
making,filing,before,collapse,V
acquired,stake,at,cost,V
reduced,stake,to,%,V
accepted,bid,at,prices,V
boost,value,of,stock,N
adds,twist,to,speculation,V
boost,value,of,any,N
land,job,with,UAL,V
reach,kind,of,accord,N
reach,kind,with,employees,V
owned,%,of,Williams,N
pay,shares,for,rest,V
pay,share,for,share,V
acquired,assets,of,agency,N
bought,shares,of,stock,N
bought,shares,for,3.625,V
boosts,stake,to,%,V
oust,Edelman,as,chairman,V
including,sale,of,company,N
extended,offer,for,stock,N
extended,offer,until,9,V
owns,million,of,shares,N
reported,earnings,for,quarter,V
rose,%,to,billion,V
cited,showing,by,segment,N
soared,%,to,million,V
had,revenue,for,months,V
muscling,aerospace,for,time,V
jump,%,to,million,V
took,hits,in,quarters,V
posted,net,of,million,N
Excluding,additions,to,profit,N
were,2.47,from,2.3,V
rose,%,to,billion,V
cut,prices,by,%,V
include,reduction,on,computer,N
buy,quantity,of,sugar,N
rose,limit,of,cent,N
rose,limit,to,cents,V
export,sugar,during,season,V
produce,alcohol,for,fuel,V
is,producer,of,sugar,N
total,tons,in,contrast,V
been,switch,in,decade,V
have,contacts,with,industry,N
fuel,portion,of,fleet,N
had,problems,in,years,V
buy,sugar,on,market,V
showed,decline,in,inventories,N
buys,grains,in,quantity,V
buy,tons,of,wheat,N
receiving,status,from,U.S,V
running,purchases,of,bushels,N
running,purchases,in,October,V
advanced,cents,to,1.165,V
extend,state,of,emergency,N
extend,state,in,Island,V
find,buyer,for,chain,V
sell,stake,in,chain,N
sell,stake,to,management,V
reduce,investment,in,retailing,N
seeking,buyer,for,chain,V
rang,sales,in,1988,V
operates,stores,in,Iowa,N
buy,interest,in,chain,N
buy,interest,in,January,V
reduce,stake,in,Younkers,N
changing,offer,for,company,N
changing,offer,to,13.65,V
pay,cash,with,preference,V
accrue,dividends,at,rate,V
gave,reason,for,offer,N
submit,offer,to,committee,V
been,manager,for,months,V
followed,tenure,as,editor,N
is,reason,for,departure,V
choosing,people,of,tomorrow,N
reflects,change,in,strategy,N
rose,pence,to,pence,V
representing,shares,in,market,V
becomes,director,of,affairs,N
becomes,director,of,programs,N
extended,offer,for,shares,N
launched,suit,in,court,V
seeking,withdrawal,of,rights,N
hold,%,of,shares,N
set,10,as,deadline,V
reported,loss,of,million,N
had,loss,of,million,N
declined,%,to,million,V
cited,softening,in,demand,N
report,loss,of,million,N
write,million,in,costs,N
cited,amortization,of,goodwill,N
cited,amortization,as,factors,V
bearing,brunt,of,selling,N
added,0.84,to,341.2,V
gained,0.99,to,319.75,V
went,0.6,to,188.84,V
led,decliners,on,Exchange,V
stood,month,at,%,V
offset,impact,of,profit-taking,N
awaits,release,of,data,N
awaits,release,with,hope,V
stick,necks,in,way,V
jumped,3,to,47,V
sparked,revival,of,rumors,N
went,3,to,1,V
climbed,3,to,73,V
mount,offer,for,company,N
rose,1,to,177,V
added,3,to,51,V
acquire,stock,for,50,V
has,stake,of,%,N
launched,offer,for,company,N
dropped,3,to,61,V
lost,1,to,50,V
rose,3,to,39,V
added,1,to,24,V
gained,1,to,48,V
fell,7,to,48,V
lost,3,to,31,V
dropped,1,to,40,V
rose,3,to,53,V
has,yield,of,%,N
dropped,1,to,17,V
sell,stake,in,unit,N
sell,stake,for,million,V
cut,estimates,of,value,N
tumbled,2,to,14,V
went,1,to,19,V
marketing,lens,for,use,N
gained,1.56,to,372.14,V
rose,1,to,16,V
convert,partnership,into,company,V
have,impact,on,results,N
exchange,assets,for,shares,V
holds,%,of,units,N
rose,%,to,yen,V
cited,sales,against,backdrop,N
surged,%,to,yen,V
climbing,%,from,yen,V
owns,%,of,shares,N
exchange,share,of,stock,N
exchange,share,for,share,V
plunged,4,to,14.75,V
have,rate,of,1.76,N
include,loss,of,million,N
exceed,net,of,million,N
makes,bombs,for,business,V
rose,%,to,million,V
reflected,loss,from,Hugo,N
maintain,million,in,capital,N
had,loss,of,158666,N
reported,loss,of,608413,N
sold,shares,of,stock,N
sold,shares,to,interests,V
represents,%,of,shares,N
increased,worth,to,million,V
raised,price,for,jeweler,N
raised,price,to,57.5,V
raises,presence,to,stores,V
said,problems,with,construction,N
be,shareholder,in,company,N
reported,loss,of,million,N
had,income,of,132000,N
is,write-off,of,servicing,N
been,drain,on,earnings,N
eliminate,losses,at,unit,N
eliminated,million,of,will,N
assuming,fluctuation,in,rates,N
has,assets,of,billion,N
completed,acquisition,of,Inc.,N
adopt,First,of,name,N
eliminate,positions,of,company,N
take,jobs,with,First,N
reduce,results,for,1989,N
reduce,results,by,million,V
provides,cents,for,stockholders,V
receive,stock,in,company,N
ENDED,truce,with,Contras,N
citing,attacks,by,rebels,N
reaffirmed,support,for,elections,N
launched,offensive,against,forces,N
called,protests,in,country,N
showing,support,for,renovation,V
extend,moratorium,on,funding,N
treat,diseases,like,Alzheimer,N
approved,portions,of,package,N
sabotage,elections,in,Namibia,N
took,responsibility,for,slaying,N
avenge,beheading,of,terrorists,N
concluded,days,of,talks,N
continue,program,of,modernization,N
defeated,motion,in,history,N
take,place,in,waters,V
unveiled,package,of,initiatives,N
establish,alternatives,to,trafficking,N
establish,alternatives,in,nations,V
warned,U.S.,about,attack,V
completed,offer,for,Inc.,N
tendering,%,of,shares,N
tendering,%,by,deadline,V
take,ownership,of,studio,N
assuming,billion,of,debt,N
told,employees,in,operations,N
earned,million,on,revenue,V
posted,gain,in,profit,N
rose,%,to,yen,V
surged,%,to,yen,V
pushed,sales,in,construction,V
rose,3.375,to,47.125,V
stem,drops,in,market,N
received,bid,from,investor,V
steps,pressure,on,concern,N
buy,%,of,parent,N
make,bid,by,himself,V
block,buy-outs,in,industry,N
face,fine,of,million,N
face,requirements,as,automobiles,N
sell,billion,in,bonds,N
cast,pall,over,Association,V
built,thrift,with,bonds,V
reaching,3,on,rumors,V
's,10,of,equity,N
has,shares,in,hands,N
attend,restructuring,of,Columbia,N
write,junk,to,value,V
sell,bonds,over,years,V
wrote,million,of,junk,N
reserved,million,for,losses,V
provide,data,on,junk,N
has,gains,on,traded,V
holding,some,of,investments,N
sell,bank,as,operation,V
use,some,of,proceeds,N
is,subject,of,speculation,N
awarded,patents,for,Interleukin-3,V
make,factor,via,technology,V
licensed,rights,for,Interleukin-3,V
conducting,studies,with,it,V
induce,formation,of,cartilage,N
filed,applications,on,number,V
question,rating,in,hearings,V
add,voice,to,court,V
gives,a,to,nominees,V
gives,rating,to,those,V
acquire,%,of,AG,N
acquire,%,from,Foundation,V
buying,stake,in,company,N
expand,production,of,supplies,N
provides,fit,with,unit,N
is,part,of,strategy,N
had,sales,of,marks,N
has,backlog,of,marks,N
bring,stock,to,market,V
issued,rulings,under,act,N
investigate,complaints,by,makers,N
reaching,U.S.,at,prices,V
defines,prices,as,ones,V
find,violations,of,law,N
assess,duties,on,imports,V
estimate,size,of,charge,N
increase,benefits,to,%,V
called,part,of,strategy,N
take,advantage,of,plan,N
rose,cents,to,38.875,V
been,target,of,speculation,N
elected,director,of,concern,N
increases,board,to,seven,V
gives,example,of,integrity,N
offered,trip,from,Bronx,N
offered,trip,by,one,V
accepting,anything,of,value,N
reading,book,about,fingers,N
lead,us,along,path,V
producing,equipment,for,Navy,V
became,partner,after,creation,V
falsify,ownership,of,corporation,N
plugged,itself,into,rhetoric,V
using,angle,through,'80s,V
made,use,of,techniques,N
became,partners,in,company,N
found,day,on,job,N
changed,name,to,London,V
became,author,of,book,N
leaving,gold,in,street,V
have,characteristics,as,Wedtech,V
take,place,in,programs,V
are,groups,of,people,N
selling,decisions,of,government,N
are,version,of,Nomenklatura,N
line,pockets,of,insiders,N
was,officer,of,Corp.,N
open,talks,with,receivers,V
avert,exodus,of,workers,N
become,shareholders,in,company,N
take,stake,in,company,N
holding,contracts,for,ships,N
has,ships,on,order,V
presented,claims,for,damages,N
presented,claims,in,court,V
began,Tuesday,in,court,V
repay,million,in,debt,N
repay,million,through,sales,V
moved,headquarters,from,Irvine,V
reported,decline,in,earnings,N
included,gain,of,million,N
attributed,slump,to,costs,V
realized,profit,on,increases,V
closed,yesterday,at,80.5,V
had,change,in,earnings,V
compares,profit,with,estimate,V
have,forecasts,in,days,V
completed,acquisition,of,Corp.,N
causing,bottlenecks,in,pipeline,V
move,crop,to,ports,V
reaping,windfall,of,business,N
bought,bushels,of,corn,N
bought,bushels,in,October,V
be,strain,in,years,V
shipping,corn,in,that,V
reduce,flow,of,River,N
cutting,flow,of,River,N
hamstrung,shipments,in,wake,V
been,factor,in,trading,N
use,price,of,contracts,N
buy,corn,from,farmers,V
offering,farmers,for,corn,V
is,plenty,of,grain,N
relieve,pressure,on,Orleans,N
advanced,cents,to,19.94,V
fell,3.2,to,377.6,V
declined,cents,to,5.218,V
was,result,of,uncertainty,N
creating,attitude,among,traders,V
rose,cents,to,1.14,V
included,number,of,issues,N
was,reaction,to,stocks,N
means,interest,for,metal,N
indicates,slowing,in,sector,N
show,reading,above,%,N
unveiled,models,of,line,N
posted,drop,in,profit,V
offset,weakness,in,operations,N
includes,gains,of,million,N
had,gain,from,settlement,N
sold,chunks,of,segments,N
eliminating,income,from,operations,V
attributed,earnings,for,segment,N
attributed,earnings,to,loss,V
is,venture,with,Ltd,N
dropped,%,to,million,V
posted,drop,in,income,N
exceeded,projections,by,analysts,N
expected,volume,of,sales,N
sell,mix,of,products,N
boost,profit,for,unit,V
reduced,debt,by,billion,V
bought,shares,of,stock,N
increased,stake,in,USX,N
increased,stake,to,%,V
increasing,membership,to,nine,V
named,officer,in,August,V
claim,authority,for,veto,N
veto,part,of,bill,N
gives,authority,for,veto,N
was,discussion,of,veto,N
be,course,of,action,N
claim,authority,without,approval,V
sell,platforms,to,Co.,V
begin,delivery,in,quarter,V
Take,Stage,in,City,V
sold,year,in,U.S.,V
anticipates,growth,for,maker,N
increased,quarterly,to,cents,V
limit,access,to,information,N
ease,requirements,for,executives,V
undermine,usefulness,of,information,N
undermine,usefulness,as,tool,V
make,argument,in,letters,V
exempt,executives,from,reporting,V
reporting,trades,in,shares,V
report,exercises,of,options,N
paid,obeisance,to,ideal,V
report,sales,of,shares,N
report,sales,within,month,V
produced,mail,than,issue,N
improve,law,by,conforming,V
conforming,it,to,realities,V
publish,names,of,insiders,N
file,reports,on,time,V
write,representatives,in,Congress,N
oversees,billion,for,employees,V
offer,options,to,participants,V
begin,operation,around,1,V
are,part,of,fund,N
carry,part,of,agreement,N
shun,securities,of,companies,N
transfer,money,from,funds,V
receive,cash,from,funds,V
purchase,shares,at,price,V
protect,shareholders,against,tactics,V
taken,line,about,problem,V
embraced,Age,as,listening,V
was,case,in,point,N
play,tune,from,record,N
reflected,side,of,personality,N
chanted,way,through,polyrhythms,V
featured,show,of,images,N
offered,music,of,evening,N
offered,music,after,intermission,V
juxtapose,performer,with,tracks,V
warned,us,in,advance,V
illustrated,tapestry,with,images,V
was,jazz,with,pictures,V
was,thanks,to,level,N
was,substitute,for,evening,N
gave,blessing,to,claptrap,V
liberated,U.S.,from,one,V
traduce,charter,of,promoting,N
had,success,at,achieving,V
means,redistributionism,from,West,N
give,rights,against,press,N
block,printing,of,ideas,N
converted,ideals,of,liberty,N
converted,ideals,into,rights,V
holding,meetings,in,Paris,V
contributed,%,of,budget,N
raise,funds,by,selling,V
see,argument,against,UNESCO,N
shows,power,of,ideas,N
fear,principles,at,home,V
are,experts,at,obfuscation,N
have,purposes,at,times,V
cloud,allure,of,concepts,N
developed,technique,for,creating,N
creating,plants,for,number,V
prevents,production,of,pollen,N
prevent,plant,from,fertilizing,V
have,effect,on,production,V
is,one,of,producers,N
are,distance,on,plant,V
cut,tassels,of,plant,N
sow,row,of,plants,N
pulling,organs,of,plants,N
deactivates,anthers,of,flower,N
hurt,growth,of,plant,N
get,plants,in,numbers,V
attached,gene,for,resistance,N
attached,gene,to,gene,V
leaving,field,of,plants,N
accommodate,peculiarities,of,type,N
include,corn,among,crops,V
obviate,need,for,emasculation,N
costs,producers,about,million,V
spurred,research,at,number,V
create,hybrids,in,crops,V
involves,insects,as,carriers,V
is,sign,of,divisiveness,N
was,skirmish,over,timing,N
organize,borrowing,in,Japan,V
play,roles,in,financing,V
shows,power,of,titans,N
raise,dollars,to,4,V
block,Wellington,from,raising,V
raising,money,in,Japan,V
told,reporters,in,Wellington,V
guaranteed,loans,to,Ltd.,V
separate,industries,from,each,V
seeking,access,to,kinds,N
open,them,to,brunt,V
stretch,limits,of,businesses,N
started,venture,with,Co.,V
use,accounts,like,account,V
attracting,wrath,of,banks,N
sells,stocks,to,institutions,V
stirred,anger,of,firms,N
named,director,at,company,N
was,director,of,division,N
's,time,for,season,N
is,debut,of,Association,N
begin,season,in,stadiums,V
's,swig,of,elixir,N
reclaim,ballparks,for,training,V
's,one,for,accountants,N
have,beer,with,Fingers,V
field,bunt,from,Kingman,N
's,one,for,fans,V
stopped,workout,of,Suns,N
slip,cards,to,Man,V
join,fans,like,Castro,N
is,brainchild,of,developer,N
offering,chance,of,season,N
made,trip,to,Florida,N
be,bridge,into,the,N
relive,duels,in,sun,V
recapture,camaraderie,of,seasons,N
left,baseball,in,1978,V
take,leave,from,selling,N
selling,insurance,in,Texas,V
made,appearance,for,Rangers,V
forced,him,to,minors,V
's,satisfaction,in,going,V
cut,it,after,age,V
sipping,beer,after,practice,V
repeating,feat,against,White,V
dislike,idea,of,attempting,N
be,end,of,story,N
be,lot,of,malice,N
savoring,sound,of,drive,N
Expect,stuff,from,pitchers,V
Stuffing,wad,of,Man,N
Stuffing,wad,into,cheek,V
holds,%,of,franchise,N
has,operations,in,Aiken,V
provides,service,in,states,V
exercised,right,of,refusal,N
following,offer,from,party,N
acquire,position,in,franchise,N
exchanged,shares,for,each,V
appointed,officer,of,chain,N
was,officer,of,Inc.,N
are,guide,to,levels,N
rose,%,in,August,V
was,%,from,level,V
is,value,of,output,N
rose,%,from,July,V
dropped,%,in,September,V
reported,decline,in,index,N
reported,decline,for,September,V
dropped,today,from,group,V
had,losses,in,quarters,V
have,exposure,to,loans,N
cleared,way,for,war,V
remove,obstacle,to,takeover,N
told,House,of,Commons,N
relinquish,share,in,company,N
restricts,holding,to,%,V
fires,pistol,for,contest,V
amass,stakes,in,Jaguar,N
following,suspension,on,London,N
were,pence,to,pence,V
make,move,with,offer,V
sent,shares,in,weeks,V
put,pressure,on,GM,V
make,offer,as,knight,V
fight,Ford,for,Jaguar,V
pays,packet,for,Jaguar,V
be,player,in,town,V
paying,price,for,Jaguar,V
representing,%,of,shares,N
ensure,future,for,employees,N
provide,return,for,shareholders,V
set,howl,of,protests,N
accused,administration,of,backing,N
shed,issue,before,election,V
favor,GM,by,allowing,V
preclude,bid,by,Ford,N
answering,questions,from,members,N
answering,questions,after,announcement,V
completed,formation,of,Elanco,N
combining,businesses,as,business,V
be,concern,in,America,N
be,concern,with,projected,V
own,%,of,venture,N
own,%,with,holding,V
fighting,offer,by,Partners,N
has,background,in,management,V
retain,rest,of,team,N
reported,loss,of,889000,N
fell,%,in,September,V
shows,signs,of,retreating,N
totaled,911606,in,September,V
rebounded,Tuesday,from,losses,V
outnumbered,542,to,362,V
feel,need,despite,factors,V
declined,5.16,on,Monday,V
showing,strength,despite,slowdown,V
announced,Monday,in,York,V
ended,day,at,2680,V
sparked,interest,in,companies,N
rose,40,to,2170,V
gained,40,to,2210,V
be,losers,by,afternoon,V
rose,yen,to,yen,V
fell,yen,to,yen,V
waive,share,in,maker,N
wants,stock,on,books,V
reaching,minimum,of,2120.5,N
reaching,minimum,of,2120.5,N
abolish,share,in,Jaguar,N
protect,company,from,takeover,V
clarify,approach,to,issues,N
rose,%,in,September,V
leave,index,at,178.9,V
were,part,of,growth,N
were,part,with,rise,V
linked,gain,to,prices,V
being,source,of,pressure,N
reflecting,acquisitions,from,Corp.,N
licenses,name,to,Metromedia,V
is,provider,of,service,N
is,provider,with,projected,V
has,interests,in,telecommunications,V
rose,%,in,months,V
matching,target,for,year,N
projecting,increase,for,year,V
won,contract,from,Service,V
install,267,of,machines,N
succeed,Brissette,as,officer,V
be,consultant,to,company,N
adjusted,payouts,on,CDs,N
adjusted,payouts,in,week,V
added,point,to,%,V
attributed,rise,to,increase,V
have,yields,on,CDs,V
was,attendee,at,convention,N
introduce,bit,into,itinerary,V
embody,state,of,blase,N
finding,machine,in,Paris,V
having,none,of,it,N
held,all,for,people,V
Feeling,naggings,of,imperative,N
tell,you,about,ballooning,V
requires,zip,in,way,V
was,turn,in,balloon,N
followed,progress,from,car,V
put,hands,above,eyes,V
heating,air,with,burner,V
is,sense,of,motion,N
was,member,of,convention,N
lifted,12-inches,above,level,N
plunged,us,into,drink,V
enlisted,aid,of,farmer,N
disassemble,half-an-hour,of,activity,N
drive,value,of,dollar,N
minimize,damage,from,drop,N
provoked,fall,in,currency,N
push,dollar,against,fundamentals,V
is,growth,in,Germany,N
provides,funding,for,acquisitions,V
affect,security,of,Europe,N
affect,security,for,years,V
examine,implications,of,options,N
keep,weapons,on,soil,V
increase,possibility,of,attack,N
retains,force,of,weapons,N
retains,force,in,Europe,V
provide,answers,to,questions,N
bringing,forces,to,parity,V
have,months,under,timetable,V
complicated,issue,by,offering,V
has,tanks,in,Europe,V
overstating,arsenals,in,hopes,V
visited,talks,in,Vienna,N
announced,contract,with,Inc.,N
Including,those,in,programs,N
were,143800,without,employment,V
boost,volume,in,Singapore,V
discussing,venture,with,Ltd.,N
be,the,in,expansion,N
put,million,into,bottling,V
have,proportions,of,youths,N
taken,stake,in,ventures,V
be,case,in,Singapore,V
combining,drinks,with,Coca-Cola,V
has,interests,in,products,V
holds,licenses,for,Brunei,N
is,direction,of,talks,N
needs,approval,from,boards,V
increased,%,to,cents,V
follows,report,of,earnings,N
sharing,growth,with,shareholders,V
is,company,with,businesses,N
strengthen,control,of,A.,N
admit,Khan,as,shareholder,V
owns,%,of,shares,N
owns,%,of,Fiat,N
trade,shares,in,IFI,N
trade,shares,for,shares,V
give,control,of,%,N
trade,some,of,stake,N
trade,some,for,%,V
have,rights,in,assemblies,V
owns,%,of,capital,N
control,%,of,shares,N
strengthens,links,between,Agnellis,N
goes,sailing,with,Agnelli,V
bought,stake,in,Alisarda,N
keeping,stake,in,Fiat,N
keeping,stake,despite,tree,V
playing,role,in,group,N
raised,financing,of,lire,N
raised,financing,for,purchase,V
selling,chunk,of,shares,N
selling,chunk,to,S.p,V
sell,shares,to,Agnelli,V
riding,railbikes,on,tracks,V
was,disservice,to,readers,N
treats,activities,in,fashion,V
provide,services,to,Inc,V
opening,way,for,boost,N
ended,impasse,between,House,N
pay,wage,for,days,V
includes,concept,of,wage,N
be,part,of,laws,N
made,compromise,on,length,N
lifted,wage,to,4.55,V
boosting,floor,to,4.25,V
was,way,of,allowing,N
opposing,rise,for,workers,N
opposing,rise,at,time,V
ranking,member,of,Committee,N
vote,week,on,compromise,V
held,feet,to,fire,V
yielded,deal,on,size,V
lowered,ratings,on,billion,N
lowered,ratings,because,levels,V
is,unit,of,Inc.,N
managing,risks,of,2,N
retains,title,of,officer,N
sell,operations,to,Inc,V
faced,threat,from,family,N
faced,threat,since,July,V
own,stake,in,company,N
use,proceeds,of,sale,N
had,sales,of,million,N
manufacturing,carpet,since,1967,V
make,products,with,dyes,N
has,sales,of,billion,N
boost,profitability,of,brands,N
closed,ex-dividend,at,26.125,V
including,gain,of,million,N
sell,unit,to,subsidiary,V
close,sale,of,unit,N
close,sale,in,November,V
rose,%,in,September,V
offered,information,on,degree,N
climbed,%,in,August,V
lend,support,to,view,V
provides,information,on,economy,N
plunged,%,in,September,V
followed,months,for,sales,N
had,effect,on,market,V
was,the,since,drop,V
got,boost,in,September,V
track,health,of,sector,N
keep,inflation-fighting,as,priority,V
are,contributions,of,components,N
take,charge,against,earnings,N
take,charge,in,quarter,V
limits,increases,for,years,V
ties,charges,to,customers,N
ties,charges,to,performance,V
auction,million,in,maturity,N
auction,million,next,Tuesday,V
writing,thriller,about,spy-chasing,N
described,himself,as,Hippie,V
including,marriage,to,sweetheart,N
combining,wordplay,with,detail,V
spins,tale,of,efforts,N
was,arrest,by,authorities,N
stealing,information,from,computers,V
selling,it,to,KGB,V
pay,two,for,some,V
draws,title,from,habit,V
laying,eggs,in,nests,V
do,tricks,with,system,V
substitute,program,for,one,V
become,super-user,with,access,N
scanning,heavens,at,observatory,V
discovered,discrepancy,in,charges,N
traced,it,to,user,V
became,obsession,for,Stoll,V
made,requisition,of,all,N
taken,account,of,user,N
using,Berkeley,as,stones,V
drag,keychain,across,terminal,V
learns,lot,from,book,V
took,interest,in,hunt,N
tracing,hacker,to,Germany,V
brief,officers,on,theft,V
savored,humor,of,appearance,N
is,editor,of,Journal,N
supply,computers,to,Corp.,V
sell,machines,under,label,V
cost,150000,for,system,V
processes,instructions,per,second,N
uses,chip,unlike,machines,V
is,part,of,effort,N
establish,itself,as,supplier,V
is,company,than,company,V
is,boon,for,Mips,N
battles,concerns,for,market,V
expects,revenue,of,million,N
attract,developers,to,architecture,V
supply,computers,to,AG,V
make,chips,under,license,V
expects,sales,of,systems,N
sell,versions,of,machine,N
are,arms,of,Congress,N
raise,capital,through,debt,V
raise,cash,for,bailout,N
meeting,targets,in,law,N
add,billions,to,costs,V
allow,level,of,borrowing,N
allow,level,without,approval,V
merge,hundreds,of,thrifts,N
merge,hundreds,over,years,V
reduce,costs,of,bailout,N
distort,process,by,requiring,V
dump,assets,through,sales,V
build,system,from,County,V
connect,Basin,with,pipelines,V
're,chef,of,restaurant,N
took,money,from,wallet,V
considered,inventor,of,style,N
make,month,in,advance,N
subjected,diners,to,cream,V
puts,pressure,on,planners,V
kept,copy,of,notes,N
received,support,from,Dozen,V
keep,meringues,from,weeping,V
reinvent,recipes,from,scratch,V
named,slate,of,officers,N
follows,replacement,of,directors,N
was,president,of,division,N
assuming,duties,of,Weekes,N
was,another,of,directors,N
boosted,dividend,to,cents,V
be,3,to,stock,N
raise,number,of,shares,N
raise,number,to,million,V
rose,%,to,million,V
completed,sale,of,acres,N
includes,swap,of,interests,N
pay,million,in,payments,N
repay,million,in,funds,N
exercise,remedies,against,Healthcare,N
exercise,remedies,during,period,V
be,million,in,arrears,V
make,payments,of,million,N
make,payments,to,HealthVest,V
owes,million,in,payments,N
ease,bind,at,HealthVest,N
paid,two,of,banks,N
paid,two,in,October,V
purchased,warrants,for,500000,V
recognized,concept,as,one,V
listed,creation,of,fund,N
listed,creation,as,one,V
reflects,vulnerability,of,communities,N
indicted,him,on,array,V
alleging,years,of,oppression,N
extorted,cash,from,lawyers,V
muscled,loans,from,banks,V
owned,interest,in,distributorship,N
presented,conflict,of,interest,N
maintained,accounts,in,banks,V
made,demands,on,staff,V
chauffeur,him,to,work,V
double-crossed,him,by,reneging,V
find,judge,in,underwear,V
called,her,to,office,V
wearing,nothing,at,all,N
blames,indictment,on,feuding,V
pushed,buttons,into,action,V
provide,testimony,to,power,V
bring,business,to,courthouse,V
mount,challenges,against,him,N
been,fixture,in,community,N
been,fixture,for,decades,V
put,himself,through,University,V
had,the,of,daughters,N
married,daughter,of,clerk,N
called,one,of,judges,N
had,share,of,accomplishments,N
voted,president,of,Conference,N
voted,president,by,judges,V
considered,times,for,appointments,V
rated,one,of,the,N
rated,him,after,interviewing,V
grasp,issue,with,blink,V
be,bedrock,of,society,N
had,inkling,of,anything,N
had,inkling,in,Ebensburg,V
shelled,500,in,loans,N
shelled,500,to,judge,V
made,pretense,of,repaying,N
won,verdict,in,case,N
won,verdict,in,1983,V
had,dealings,with,judge,V
is,matter,of,biting,N
sipped,tea,from,chair,V
take,hats,in,courtroom,V
jailed,members,of,Board,N
jailed,members,for,hours,V
extend,year,by,weeks,V
told,salesman,in,Ebensburg,N
bought,Sunbird,in,1984,V
recorded,sale,under,name,V
dispute,view,in,light,V
launched,investigation,into,corruption,N
bought,Sunbird,from,Pontiac-Cadillac,V
had,apprehensions,about,reputation,N
wrote,bank,on,stationery,V
find,myself,in,relationship,V
been,part,of,deal,N
got,treatment,from,bank,V
lowering,rate,by,%,V
defend,himself,at,trial,V
was,example,of,muse,N
await,resiliency,as,metaphors,N
uses,tons,of,newsprint,N
being,component,of,waste,N
increase,use,of,paper,N
approves,this,as,date,V
approved,creation,of,class,N
give,value,of,101,N
float,%,above,rate,V
yield,%,with,coupon,V
represents,spread,to,Treasury,N
is,%,to,%,N
yield,%,with,coupon,V
have,life,of,years,N
buy,shares,at,premium,V
indicating,coupon,via,Ltd,V
buy,shares,at,premium,V
yield,%,via,Ltd,V
yield,%,via,International,V
expects,sales,of,marks,N
has,operations,in,Belgium,V
strengthen,position,in,Community,N
assure,presence,in,market,N
leave,EG&G,with,stake,V
is,lab,in,England,N
is,lab,with,revenue,V
including,Institutes,of,Health,N
broke,negotiations,with,Hunt,N
removes,obstacle,in,way,N
heard,year,in,Washington,V
turned,settlement,between,Hunt,N
seeking,claim,of,million,N
allow,claim,of,million,N
appeal,decision,to,court,V
get,%,of,proceeds,N
snap,properties,in,U.S.,N
snap,properties,from,courses,V
marks,change,for,Japanese,N
be,buyer,of,securities,N
double,purchases,to,an,V
channel,tens,of,billions,N
channel,tens,into,market,V
drive,rates,on,securities,N
are,investment,of,choice,N
dipped,toes,into,market,V
buy,bonds,before,maturity,V
's,headache,for,investors,N
forces,them,at,rates,V
Compounding,trouble,to,investors,N
lose,touch,with,issuers,V
buy,mortgages,from,banks,V
took,all,of,Conduits,N
reduced,effects,of,risk,N
buy,stock,of,corporation,N
buy,stock,at,discount,V
pursue,interests,of,corporation,N
experienced,appreciation,than,corporations,N
experienced,appreciation,during,years,V
evaluate,pills,on,basis,V
have,team,with,record,N
have,strategy,for,improving,N
require,implementation,over,period,V
improve,chances,for,management,N
be,CEO,in,years,V
be,strategy,in,years,V
have,opportunity,at,time,V
received,settlement,from,Texaco,V
covers,years,in,order,V
put,proceeds,in,manner,V
evaluate,pill,within,context,V
win,election,to,board,N
filed,lawsuits,in,Court,V
elected,slate,of,nominees,N
elected,slate,to,board,V
was,sequel,to,meeting,N
disallowed,proxies,in,favor,V
seeks,dollars,from,Express,V
is,company,with,interests,N
Buying,%,of,Inc.,N
entering,relationship,with,owner,V
become,owner,of,company,N
become,owner,at,time,V
dismissing,threat,of,backlash,N
encourage,flow,of,investment,N
paid,million,for,Tower,V
taken,warnings,by,leaders,N
taken,warnings,to,heart,V
win,support,from,sides,V
found,similarity,in,philosophies,N
taking,place,on,board,N
found,match,in,Estate,V
is,firm,in,Japan,N
is,meters,of,property,N
acquired,property,from,government,V
was,portion,of,land,N
opened,doors,to,world,V
built,development,in,exchange,V
was,step,in,relationship,N
earned,moniker,of,title,N
is,one,of,dozens,N
had,need,for,ventures,V
rise,%,to,%,N
rise,%,from,turnover,V
jumped,%,to,yen,V
catapult,it,into,business,V
is,purchase,for,Estate,N
make,dent,in,finances,V
is,landowner,of,project,N
is,one,of,group,N
redevelop,Marunouchi,into,center,V
becoming,partners,in,number,N
becoming,partners,as,part,V
blocking,Guber,from,taking,V
taking,posts,at,Inc,N
acquiring,Columbia,in,transactions,V
filed,suit,against,Sony,V
make,movies,at,studio,V
hurled,accusations,of,duplicity,N
hurled,accusations,at,each,V
continued,talks,over,weeks,V
get,cash,in,settlement,V
surpassed,Sony,as,company,V
have,club,like,CBS,N
involving,rights,to,movies,N
swap,stake,in,studio,N
swap,stake,in,exchange,V
accused,Ross,of,having,N
be,officer,of,Warner,N
started,number,of,businesses,N
started,number,in,Japan,V
enjoys,relationships,with,executives,V
be,executive,of,Warner,N
be,executive,alongside,Ross,V
have,ego,at,stake,V
fulfill,terms,of,contract,N
exclude,Guber,from,any,V
have,projects,in,stages,V
get,hands,on,some,V
develop,hundreds,of,movies,N
produce,10,to,20,N
get,piece,of,profits,N
gets,revenue,from,movies,V
own,stake,in,Guber-Peters,N
paid,500000,in,fines,N
marks,end,of,part,N
is,subject,of,investigation,N
cover,accounting,for,parts,N
is,step,in,investigation,N
charge,any,of,500000,N
charge,any,to,customers,V
take,action,against,employees,V
provided,information,during,inquiry,V
made,contributions,from,1982,V
submitted,bills,to,Power,V
hiding,nature,of,payments,N
hiding,nature,from,Service,V
was,mastermind,behind,use,N
make,payments,to,candidates,V
following,the,of,irregularities,N
rose,cents,to,27.125,V
launched,promotion,for,brand,V
send,labels,from,bottles,N
receive,upgrade,in,seating,N
purchase,items,at,prices,V
question,impact,on,image,N
has,image,of,something,N
offered,miles,in,exchange,V
gave,discounts,on,merchandise,N
gave,discounts,to,people,V
is,leg,of,plan,N
buy,bottles,over,period,V
Concocts,Milk,For,Tastes,N
trimming,content,of,products,N
formed,venture,with,distributor,V
has,content,of,%,N
sells,milk,than,milks,N
sells,milk,in,markets,V
tested,milk,with,butterfat,N
tested,milk,in,South,V
selling,Fresca,in,bodegas,V
adding,15,to,outlets,N
lost,space,in,stores,V
increase,share,of,business,N
launching,lines,with,fanfare,V
nixed,promotion,for,pins,N
included,cutouts,of,finery,N
advise,customers,on,styles,V
motivate,people,with,commissions,V
shown,interest,in,packages,V
introduced,versions,of,products,N
introduced,versions,in,Canada,V
bring,them,to,U.S.,V
pursuing,counterclaims,against,each,N
reset,arguments,for,today,V
set,slats,for,takeoff,V
was,Cichan,of,Tempe,N
remains,man,behind,operation,V
convert,millions,of,Americans,N
convert,millions,to,brand,V
plays,role,of,messiah,N
make,part,of,theocracy,N
build,infrastructure,for,movement,V
move,movement,to,Europe,V
organized,rally,in,1976,V
were,members,in,U.S.,V
is,result,of,graying,N
remained,faithful,to,Moon,N
producing,members,by,procreation,V
is,matter,of,contention,N
employing,followers,at,wages,V
producing,everything,from,rifles,N
illustrate,scope,of,drain,N
attracted,guests,in,years,V
published,three,of,books,N
developing,empire,in,East,V
told,me,in,interview,V
negotiated,venture,with,government,N
build,plant,in,Province,V
put,million,for,years,V
keep,profits,in,China,V
is,co-author,with,Bromley,N
include,sale,of,Corp.,N
compensate,victims,of,diseases,N
receive,billion,from,Manville,V
considering,sale,of,holdings,N
has,right,of,refusal,N
pay,trust,for,majority,V
reached,%,in,Azerbaijan,V
are,republics,along,border,N
reported,rioting,in,months,V
gave,estimate,for,unemployment,N
owns,half,of,one,N
cutting,%,to,million,V
interrogated,week,by,judiciary,V
provoked,closure,of,markets,N
provoked,closure,in,June,V
blamed,predicament,on,president,V
raised,margin,on,transactions,N
ousted,residents,from,panel,V
drafting,constitution,for,colony,N
condemned,crackdown,on,movement,N
nullify,declaration,on,Kong,N
discussed,purchase,of,reactor,N
sell,reactor,to,Israel,V
establishing,relations,with,Poland,V
loan,money,to,Warsaw,V
established,relations,with,Hungary,V
hold,auction,with,bidders,V
opening,swaps,to,investors,V
authorized,worth,of,proposals,N
submit,bids,on,percentage,N
set,floor,on,bidding,V
deprive,troublemakers,of,cards,N
fled,Philippines,for,Hawaii,V
block,requests,for,records,N
involved,accounts,in,Philippines,N
fostering,harmony,in,marriage,V
protects,communications,between,spouses,N
violate,right,against,self-incrimination,N
announce,venture,in,Tokyo,V
open,office,in,Tokyo,V
advising,them,on,matters,V
advise,clients,on,law,V
provide,shopping,for,institutions,V
seeking,advice,on,access,N
tap,resources,of,lawyers,N
tap,resources,as,members,V
maintain,association,with,Office,N
seek,rehearing,of,ruling,N
seeking,hearing,by,panel,N
sued,state,in,1985,V
segregated,classifications,by,sex,V
paid,employees,in,jobs,N
paid,employees,in,jobs,N
applied,standards,in,manner,V
is,representative,for,employees,N
color-coding,licenses,of,offenders,N
order,licenses,as,condition,V
be,embarrassment,to,teenagers,N
recognize,problem,as,issue,V
block,acquisition,of,%,N
put,airline,under,control,V
faces,threat,from,Bush,N
block,purchase,of,airline,N
governed,meetings,at,center,N
abolished,steps,in,revolution,N
opened,dormitory,for,employees,N
opened,dormitory,at,center,V
had,lots,of,debate,N
had,lots,about,one,V
follow,voice,of,generation,N
holds,lessons,for,companies,N
set,tone,in,1986,V
is,time,of,self-criticism,N
took,helm,as,president,V
dropping,year,by,year,N
dropping,year,since,beginning,V
Consider,experience,of,Kitada,N
joined,Nissan,in,1982,V
transferred,workers,to,dealerships,V
ordered,everyone,from,executives,N
visit,parts,of,Tokyo,N
check,restaurant,in,city,V
visited,headquarters,in,district,N
liked,display,of,trucks,N
handled,die-hards,in,fashion,N
replaced,body,with,lines,V
launched,versions,of,coupe,N
outselling,predecessors,by,margins,V
grabbed,attention,with,minicars,V
's,list,for,car,N
develop,restaurant,with,vehicles,V
sells,items,as,clocks,N
had,%,of,market,N
had,%,in,1980,V
leave,it,below,position,V
recoup,losses,in,Japan,N
recoup,losses,until,1995,V
unleashes,batch,of,cars,N
grabbed,%,of,market,N
brings,Nissan,to,share,V
leaves,company,behind,high,V
are,vehicles,with,potential,N
start,fall,with,version,V
start,749,below,model,N
launches,division,on,8,V
sending,2000,to,U.S.,V
keeping,rest,for,sale,V
sell,sedans,in,U.S.,V
is,move,for,century,N
add,models,next,year,V
bringing,total,to,four,V
show,profits,for,years,V
lost,money,on,operations,V
earn,yen,in,year,V
earn,increase,of,%,N
represented,%,of,sales,N
building,vehicles,in,three,V
include,subsidiaries,for,manufacturing,N
beat,effort,with,tactics,V
prevent,return,to,rigidity,N
are,way,through,turnaround,N
form,venture,with,Azoff,V
provide,financing,for,venture,V
is,part,of,Inc.,N
discussing,venture,with,MCA,V
hold,meeting,in,December,V
give,leaders,at,home,V
be,expectation,of,agreements,N
conducting,diplomacy,through,meetings,V
alternating,days,of,meetings,N
alternating,days,between,vessel,V
disrupt,plans,for,summit,N
told,reporters,at,House,N
discuss,range,of,issues,N
discuss,range,without,agenda,V
pay,dividends,for,leaders,V
needs,diversion,from,problems,N
bolster,stature,among,academics,N
been,critic,of,handling,N
limit,participation,to,groups,V
doing,it,in,manner,V
have,time,without,press,V
hold,summit,in,summer,V
mentioned,advice,to,Moscow,N
mentioned,advice,as,topic,V
drop,restrictions,on,trade,N
told,group,of,businessmen,N
sign,agreement,with,U.S.,N
sign,agreement,at,summit,V
lower,tariffs,on,exports,N
lost,jobs,as,result,V
start,system,of,benefits,N
be,initiatives,on,economy,N
take,this,as,opening,V
given,setting,at,sea,N
been,one,for,officials,V
avoid,comparisons,with,gathering,N
sent,shivers,through,alliance,V
discussing,elimination,of,weapons,N
initiated,talks,with,Soviets,N
reach,officials,until,days,V
open,dialogue,with,Gorbachev,N
precede,summit,next,year,N
marking,quantification,of,costs,N
taken,commitments,without,approval,V
filed,charges,against,manager,V
alleging,breach,of,duties,N
improve,controls,on,branches,N
improve,controls,on,branches,N
dragging,protesters,from,thoroughfare,V
provided,beginning,to,disobedience,N
instigated,campaigns,of,resistance,N
instigated,campaigns,against,government,V
am,proponent,of,everything,N
have,recourse,to,box,V
equate,demonstrations,with,disobedience,V
is,difference,between,them,V
make,remarks,about,demonstrations,N
call,attention,to,grievances,V
encourages,overuse,of,slogans,N
leave,site,of,grievance,N
attach,themselves,like,remora,V
use,protest,as,excuse,V
find,harm,in,misdemeanors,V
protest,speeding,on,road,N
airing,program,with,audience,N
generated,deal,of,rancor,N
generated,deal,amid,groups,V
chain,themselves,in,front,V
refund,money,to,advertisers,V
impair,rights,of,others,N
be,case,of,chickens,N
does,damage,to,nation,V
disobey,call,to,arms,N
disobey,call,during,war,V
threw,burdens,on,those,V
giving,comfort,to,propagandists,V
administer,infamy,upon,those,V
healing,wounds,of,nation,N
pardoned,thousands,of,evaders,N
giving,dignity,to,allegations,V
avoid,danger,of,combat,N
point,visibility,of,disobedience,N
cover,breaking,of,law,N
brings,motives,of,those,N
is,rule,of,thumb,N
was,president,of,U.S.,N
was,president,from,1969,V
back,increase,in,tax,N
raise,million,for,relief,V
cover,part,of,billion,N
damage,chances,of,initiative,N
posted,gain,in,income,N
rose,%,to,billion,V
attributed,gain,to,improved,V
rose,%,to,million,V
rose,%,to,billion,V
update,criteria,for,enforcement,N
make,inquiries,about,items,N
is,candidate,for,enactment,N
is,candidate,if,time,V
wants,changes,for,one,N
retain,force,as,deterrents,V
protect,rights,in,collection,V
enacted,law,in,1988,V
urging,legislation,in,states,V
advises,Council,of,Chambers,N
affecting,kinds,of,taxpayers,N
seeks,uniformity,among,states,N
stays,cents,for,mile,V
provide,treatment,for,growers,V
weighs,deductions,of,costs,N
see,functions,in,case,V
raised,cattle,for,four,V
made,profit,on,either,V
managed,horse-breeding,in,way,V
enhanced,experience,by,consulting,V
took,care,with,cattle,V
seek,counsel,about,them,V
deduct,30180,of,losses,N
rejected,12275,in,deductions,N
doing,audits,of,returns,N
name,Kirkendall,to,post,V
has,responsibilities,for,IRS,V
awarded,pilots,between,million,V
have,effect,on,plan,V
leave,lot,of,leeway,N
pursue,grievance,before,arbitrator,V
received,approval,in,July,V
was,part,of,agreement,N
took,control,of,Eastern,N
triggered,raise,for,them,V
slashing,commissions,to,delight,V
owe,vote,of,thanks,N
is,move,for,Spielvogel,N
counted,some,of,advertisers,N
helped,Nissan,for,example,V
prove,mine,for,agency,N
done,searches,over,40,N
done,searches,for,clients,V
given,seminars,at,agencies,V
do,consulting,at,agency,N
do,consulting,in,hopes,V
been,involvement,with,clients,N
invites,them,to,parties,V
has,degree,of,intimacy,N
has,degree,with,clients,V
merging,it,with,outfit,V
becoming,consultant,in,1974,V
was,executive,at,Co,V
spent,million,on,time,V
's,reason,for,job,N
struck,me,as,way,V
determine,mix,of,promotion,N
helped,Morgan,in,search,V
has,relationship,with,Hyundai,V
use,tool,of,communications,N
called,Achenbaum,in,speech,V
was,critic,of,acquisition,N
calls,Fabric,of,Lives,N
Take,Comfort,in,Cotton,V
marks,end,of,efforts,N
making,plea,for,reaction,N
spend,million,on,broadcasting,V
was,officer,of,Group,N
created,ads,for,market,V
rose,%,to,million,V
increased,%,to,million,V
discussing,state,of,Asia,N
discussing,state,with,reporters,V
feared,plurality,of,views,N
build,team,of,economists,N
is,one,of,inefficiency,N
face,conflict,between,desire,N
keep,situation,for,years,V
sustain,growth,by,themselves,V
discussed,7,at,meeting,V
use,facilities,in,Singapore,N
preserve,presence,in,region,N
lorded,it,over,me,V
show,serials,on,network,V
's,passion,about,being,N
fill,part,of,gap,N
share,views,of,America,N
get,Rouge,as,part,V
made,use,of,Rouge,N
is,president,of,Group,N
is,editor,of,Journal,N
cut,tumor,at,Clinic,V
indicating,damage,to,tissue,N
holding,promise,of,surgery,N
improve,diagnosis,of,disorders,N
thrusting,window,to,workings,N
induce,whirlwinds,of,electricity,N
induce,whirlwinds,within,brain,V
conducting,tests,with,devices,V
produced,flashes,of,light,N
produced,flashes,in,field,V
stimulate,nerves,in,hand,N
developed,magnet,for,stimulation,N
reported,studies,on,everything,N
use,devices,in,surgery,V
is,sign,after,injury,V
retrieve,function,in,people,N
studied,stimulators,at,University,V
is,increase,in,hormone,N
conducted,hours,of,tests,N
conducted,hours,on,themselves,V
sell,versions,of,devices,N
use,probes,for,studies,V
testing,stimulators,in,conjunction,V
prevent,wasting,of,muscles,N
reorganizes,resources,after,amputation,V
exploring,perception,with,machines,V
flash,groups,of,letters,N